{
  "hotkeys": {
    "capture": "Shift+C",
    "ui_toggle": "Shift+`",
    "kill": "Shift+K"
  },
  "wait_to_send": true,
  "router": {
    "ocr_conf_threshold": 0.93,
    "text_ratio_threshold": 0.45
  },
  "redaction": {
    "regex": true,
    "faces": false,
    "custom_patterns": [
      "AWS_",
      "OTP"
    ]
  },
  "exclusions": {
    "apps": [
      "1Password.exe",
      "BankApp.exe"
    ],
    "keywords": [
      "password",
      "secret"
    ]
  },
  "capture": {
    "fps": 0,
    "include_cursor": false
  },
  "display_scale": 1.0,
  "ui": {
    "theme": "system",
    "language": "en",
    "window": {
      "width": 1000,
      "height": 780,
      "min_width": 860,
      "min_height": 580
    }
  },
  "updates": {
    "version_url": "",
    "download_url": ""
  },
  "model": {
    "provider": "openrouter",
    "text": "<user-provided>",
    "vision": "<user-provided>",
    "temperature": 0.2
  },
  "auth": {
    "openrouter_api_key": "<user-provided>"
  },
  "telemetry": {
    "enabled": false
  },
  "vault": {
    "url": "http://localhost:8787",
    "token": ""
  },
  "memory": {
    "turns": 6
  }
}
